ID,z1
20230118_bayes,3.
20230119_bayes,2.94308172
20230117/cobyla,2.855045367166614
init_cobyla,0.0