,index,J,z_1
5,5,2.648351796479107,[3.]
6,6,2.648351796479107,[3.]
0,0,2.558757800227718,[2.37139022]
4,4,2.300660483524109,[1.43932673]
1,1,0.4438569537928011,[-1.94694392]
3,3,0.4435092874248649,[-1.59806893]
2,2,0.4256830228697685,[-2.76656949]
